block,time,moves,max_ferror_steps,count_error_steps,link_late,link_errors,mcu_bad_frames,watchdog,servo_tmax_us,motion_tmax_us,unoq_tmax_us,mcu_isr_max_us,temp_c,rss_rtapi_mb,rss_axis_mb,rss_task_mb,errors
1,2026-09-24T06:27:22,320,27.3,0,0,0,0,FALSE,375.6,266.6,97.2,2.24,53.2,59.2,198.9,18.7,
2,2026-09-24T06:37:24,184,11.3,0,0,0,0,FALSE,434.0,324.6,131.2,2.24,53.2,59.2,199.5,18.7,
3,2026-09-24T06:47:51,305,12.5,0,0,0,0,FALSE,386.2,301.0,162.7,2.24,54.4,59.2,199.6,18.7,
4,2026-09-24T06:57:53,282,12.2,0,0,0,0,FALSE,396.3,297.0,124.7,2.24,53.5,59.2,199.7,18.7,
5,2026-09-24T07:07:58,217,12.9,0,0,0,0,FALSE,295.3,262.7,126.2,2.24,52.9,59.2,199.8,18.7,
6,2026-09-24T07:18:04,220,12.2,0,0,0,0,FALSE,330.3,243.1,128.4,2.24,52.3,59.2,199.8,18.7,
7,2026-09-24T07:28:06,282,34.5,0,0,0,0,FALSE,342.4,246.3,114.8,2.24,51.3,59.2,200.0,18.7,
8,2026-09-24T07:38:08,281,15.5,0,0,0,0,FALSE,289.8,242.9,132.8,2.24,49.8,59.2,200.0,18.7,
9,2026-09-24T07:48:10,234,10.9,0,0,0,0,FALSE,399.7,284.5,131.5,2.24,49.2,59.2,200.0,18.7,
10,2026-09-24T07:58:17,319,12.8,0,0,0,0,FALSE,385.5,274.6,108.9,2.24,52.3,59.2,200.3,18.7,
11,2026-09-24T08:08:26,290,16.5,0,0,0,0,FALSE,376.8,299.0,118.1,2.24,52.9,59.2,200.4,18.7,
12,2026-09-24T08:18:28,300,11.4,0,0,0,0,FALSE,303.2,233.0,122.2,2.24,53.8,59.2,200.5,18.7,
13,2026-09-24T08:28:30,278,10.5,0,0,0,0,FALSE,396.9,300.1,130.8,2.24,53.5,59.2,200.6,18.7,
14,2026-09-24T08:38:35,267,11.5,0,0,0,0,FALSE,389.1,290.4,156.5,2.24,53.8,59.2,200.6,18.7,
15,2026-09-24T08:48:41,275,12.6,0,0,0,0,FALSE,424.1,379.9,121.4,2.24,53.5,59.2,200.6,18.7,
16,2026-09-24T08:58:49,312,12.3,0,0,0,0,FALSE,342.9,236.0,143.3,2.24,54.1,59.2,200.6,18.7,
17,2026-09-24T09:09:10,237,11.1,0,0,0,0,FALSE,430.2,301.0,126.7,2.24,53.8,59.2,200.7,18.7,
18,2026-09-24T09:19:23,215,13.6,0,0,0,0,FALSE,312.1,229.5,103.1,2.24,54.1,59.2,200.8,18.7,
19,2026-09-24T09:29:25,273,14.2,0,0,0,0,FALSE,333.5,242.0,142.0,2.24,53.5,59.2,200.8,18.7,
20,2026-09-24T09:39:29,263,13.4,0,0,0,0,FALSE,318.2,275.9,124.4,2.24,54.4,59.2,200.8,18.7,
21,2026-09-24T09:49:31,311,10.5,0,0,0,0,FALSE,404.5,287.1,126.4,2.24,53.8,59.2,200.8,18.7,
22,2026-09-24T09:59:33,214,12.6,0,0,0,0,FALSE,349.2,274.2,107.1,2.24,53.5,59.2,200.8,18.7,
23,2026-09-24T10:09:40,280,11.7,0,0,0,0,FALSE,398.5,267.5,147.1,2.24,53.8,59.2,200.8,18.7,
24,2026-09-24T10:19:43,248,10.8,0,0,0,0,FALSE,323.0,242.2,131.0,2.24,53.8,59.2,200.8,18.7,
25,2026-09-24T10:30:00,277,10.4,0,0,0,0,FALSE,431.0,306.6,131.0,2.24,53.8,59.2,200.8,18.7,
26,2026-09-24T10:40:02,255,10.6,0,0,0,0,FALSE,326.7,249.1,120.9,2.24,53.8,59.2,200.8,18.7,
27,2026-09-24T10:50:06,270,16.7,0,0,0,0,FALSE,297.3,233.8,111.7,2.24,53.8,59.2,200.8,18.7,
28,2026-09-24T11:00:08,287,12.8,0,0,0,0,FALSE,379.5,249.7,155.7,2.24,53.5,59.2,200.8,18.7,
29,2026-09-24T11:10:19,231,12.1,0,0,0,0,FALSE,358.8,252.8,115.5,2.24,53.8,59.2,200.8,18.7,
30,2026-09-24T11:20:24,240,9.6,0,0,0,0,FALSE,303.3,240.9,115.4,2.24,54.1,59.2,200.8,18.7,
31,2026-09-24T11:30:37,300,11.4,0,0,0,0,FALSE,424.3,333.9,118.5,2.24,54.1,59.2,200.8,18.7,
32,2026-09-24T11:40:39,287,11.9,0,0,0,0,FALSE,302.6,224.9,114.9,2.24,53.2,59.2,200.8,18.7,
33,2026-09-24T11:50:45,272,13.3,0,0,0,0,FALSE,317.7,290.8,116.7,2.24,54.1,59.2,200.8,18.7,
34,2026-09-24T12:00:47,247,11.7,0,0,0,0,FALSE,361.6,253.2,147.2,2.24,53.5,59.2,200.8,18.7,
35,2026-09-24T12:10:53,240,9.3,0,0,0,0,FALSE,386.2,252.2,133.9,2.24,54.8,59.2,200.8,18.7,
36,2026-09-24T12:20:54,288,8.8,0,0,0,0,FALSE,402.8,298.4,150.6,2.24,53.8,59.2,200.8,18.7,
37,2026-09-24T12:30:59,263,13.2,0,0,0,0,FALSE,435.0,303.0,170.9,2.24,53.8,59.2,200.8,18.7,
38,2026-09-24T12:41:00,274,10.6,0,0,0,0,FALSE,314.2,281.9,119.6,2.24,53.8,59.2,200.8,18.7,
39,2026-09-24T12:51:07,279,10.2,0,0,0,0,FALSE,318.9,223.7,134.6,2.24,53.8,59.2,200.8,18.7,
40,2026-09-24T13:01:09,256,14.3,0,0,0,0,FALSE,371.5,264.9,130.8,2.24,53.8,59.2,200.8,18.7,
41,2026-09-24T13:11:11,233,9.7,0,0,0,0,FALSE,344.9,246.4,135.1,2.24,53.8,59.2,200.8,18.7,
42,2026-09-24T13:21:18,262,13.3,0,0,0,0,FALSE,305.6,266.8,123.7,2.24,53.8,59.2,200.7,18.7,
43,2026-09-24T13:31:23,308,11.0,0,0,0,0,FALSE,483.3,367.9,134.7,2.24,53.2,59.2,200.8,18.7,
44,2026-09-24T13:41:34,248,10.2,0,0,0,0,FALSE,325.4,228.2,107.8,2.24,53.5,59.2,200.8,18.7,
45,2026-09-24T13:51:36,286,14.1,0,0,0,0,FALSE,349.1,266.0,151.5,2.24,53.2,59.2,200.8,18.7,
46,2026-09-24T14:01:39,282,10.5,0,0,0,0,FALSE,368.5,316.0,113.1,2.24,53.5,59.2,200.8,18.7,
47,2026-09-24T14:11:51,235,10.2,0,0,0,0,FALSE,350.3,256.1,143.0,2.24,52.6,59.2,200.8,18.7,
48,2026-09-24T14:22:01,246,9.7,0,0,0,0,FALSE,315.3,229.5,118.2,2.24,53.5,59.2,200.8,18.7,
49,2026-09-24T14:32:05,265,9.6,0,0,0,0,FALSE,385.1,296.4,144.0,2.24,53.2,59.2,200.8,18.7,
50,2026-09-24T14:42:33,260,11.6,0,0,0,0,FALSE,341.6,266.4,122.6,2.24,53.8,59.2,200.8,18.7,
51,2026-09-24T14:52:42,336,22.4,0,0,0,0,FALSE,339.2,228.5,123.9,2.24,53.2,59.2,200.8,18.7,
52,2026-09-24T15:02:46,250,10.8,0,0,0,0,FALSE,374.4,239.7,176.6,2.24,53.5,59.2,200.8,18.7,
53,2026-09-24T15:12:49,227,15.0,0,0,0,0,FALSE,411.4,291.7,124.9,2.24,52.9,59.2,200.8,18.7,
54,2026-09-24T15:23:10,304,14.1,0,0,0,0,FALSE,430.9,364.0,139.0,2.24,53.2,59.2,200.8,18.7,
55,2026-09-24T15:33:20,284,11.2,0,0,0,0,FALSE,445.1,318.0,139.7,2.24,53.2,59.2,200.8,18.7,
56,2026-09-24T15:43:46,261,12.1,0,0,0,0,FALSE,371.4,265.6,130.7,2.24,53.8,59.2,200.8,18.7,
57,2026-09-24T15:53:49,189,14.2,0,0,0,0,FALSE,329.8,201.7,129.5,2.24,53.5,59.2,200.8,18.7,
58,2026-09-24T16:04:14,290,10.1,0,0,0,0,FALSE,328.6,251.3,160.9,2.24,53.5,59.2,200.8,18.7,
59,2026-09-24T16:14:16,221,10.9,0,0,0,0,FALSE,388.0,267.4,123.3,2.24,52.9,59.2,200.8,18.7,
60,2026-09-24T16:17:22,94,12.7,0,0,0,0,FALSE,267.3,239.1,81.8,2.24,53.8,59.2,200.8,18.7,
